v_h_tnow,cash_tnow
251220274.9688753,284837.28686377406
