ceq_pi,q_pi,subq_pi,mean_pi,neg_var_pi,c_subquantile,c_quantile
3849324.2996301893,-10879352.413324453,-17615130.78922408,5773411.327023036,-121634451004809.08,0.95,0.95
