GE,JPM,A,AA,AAPL,Call,Put
0.19370432836994866,0.1943055523677332,0.19367568118374817,6.938421346699394e-13,0.3683144385555502,7.131740622937761e-13,0.049184873081359284
