e_r,neg_v_r,ceq_r,q_r,sub_q_r,c
0.01684580846435559,-0.005710896238436966,0.00045526118937456593,-0.10571153215040173,-0.1352992748042245,0.95
